Year Type,Year,Country,Quality of Life Index,Purchasing Power Index,Safety Index,Health Care Index,Cost of Living Index,Property Price to Income Ratio,Traffic Commute Time Index,Pollution Index,Climate Index
Revised,2012,Switzerland,194.1,127.4,74.2,79.5,148.7,6.5,30.9,35.5,-
Revised,2012,Germany,184.4,114.2,78.8,72.0,92.8,4.8,33.1,45.1,-
Revised,2012,Norway,183.4,94.2,80.9,79.0,166.6,7.1,18.5,19.2,-
Revised,2012,United Arab Emirates,177.1,134.9,64.1,63.9,80.8,4.5,17.0,69.2,-
Revised,2012,New Zealand,174.3,88.6,53.2,86.8,107.4,5.7,25.2,17.1,-
Revised,2012,Sweden,171.7,99.3,63.8,86.8,109.0,9.0,23.0,32.5,-
Revised,2012,Canada,165.0,110.7,60.2,72.0,101.7,4.9,40.4,41.6,-
Revised,2012,Denmark,163.1,99.3,54.7,89.8,125.7,6.1,31.0,34.2,-
Revised,2012,Australia,162.0,108.7,59.4,79.1,130.3,6.9,37.1,37.2,-
Revised,2012,Austria,159.9,98.8,55.9,83.2,98.4,6.7,23.0,42.8,-
Revised,2012,Netherlands,158.1,93.7,71.6,70.4,108.5,6.3,26.8,41.7,-
Revised,2012,United States,140.6,118.7,35.1,65.5,85.5,2.8,36.4,61.3,-
Revised,2012,Japan,130.5,83.6,94.3,96.1,136.7,16.9,46.5,52.5,-
Revised,2012,Ireland,125.1,84.8,53.9,41.1,114.3,5.9,11.7,45.2,-
Revised,2012,Slovenia,121.9,57.2,64.3,82.9,78.6,13.4,24.7,35.0,-
Revised,2012,France,119.5,90.9,55.2,80.7,103.9,10.5,29.0,61.8,-
Revised,2012,Israel,118.2,73.8,59.2,91.7,98.7,9.5,46.6,48.8,-
Revised,2012,United Kingdom,110.1,89.8,54.0,76.0,109.4,7.4,44.2,64.4,-
Revised,2012,Portugal,105.1,56.9,59.4,70.0,74.0,7.8,28.0,51.9,-
Revised,2012,Spain,100.9,86.2,67.0,69.9,84.5,9.9,26.5,85.6,-
Revised,2012,Belgium,100.7,84.6,59.4,82.2,114.3,6.3,21.5,88.3,-
Revised,2012,Croatia,93.1,50.7,67.6,65.0,70.8,11.6,37.0,49.9,-
Revised,2012,Czech Republic,88.1,58.4,63.4,65.0,65.2,11.0,28.7,66.0,-
Revised,2012,Singapore,87.1,91.2,79.8,59.0,101.0,17.2,66.2,70.8,-
Revised,2012,South Africa,83.6,100.0,21.9,59.5,76.9,3.0,34.5,89.0,-
Revised,2012,Saudi Arabia,71.0,80.4,67.5,40.7,97.4,2.8,15.8,112.5,-
Revised,2012,Turkey,66.7,52.8,73.6,70.0,68.1,5.6,54.2,89.2,-
Revised,2012,Malaysia,65.3,72.1,29.1,69.1,56.0,4.8,32.4,91.2,-
Revised,2012,Poland,60.6,58.9,61.3,55.8,53.0,12.3,36.3,83.8,-
Revised,2012,Mexico,60.3,59.3,37.5,80.1,56.4,5.8,31.3,93.5,-
Revised,2012,Italy,49.7,67.7,43.3,67.8,99.1,12.6,37.8,85.5,-
Revised,2012,Hungary,48.7,38.1,69.5,60.0,63.4,10.6,24.7,90.2,-
Revised,2012,India,44.0,62.1,54.4,59.4,34.3,9.8,48.3,102.9,-
Revised,2012,Indonesia,37.2,20.1,76.1,94.1,51.5,39.8,36.7,43.8,-
Revised,2012,Serbia,34.6,31.1,71.3,57.4,54.3,19.5,25.6,81.0,-
Revised,2012,Argentina,32.6,40.5,51.6,76.7,68.1,11.8,45.4,90.0,-
Revised,2012,Bulgaria,30.8,34.7,58.6,60.3,53.7,10.3,26.3,98.5,-
Revised,2012,Bosnia And Herzegovina,28.0,42.9,59.7,57.4,53.4,10.9,17.0,112.4,-
Revised,2012,Romania,25.5,33.2,70.4,48.4,50.9,15.6,32.5,91.9,-
Revised,2012,Thailand,24.9,33.4,60.3,92.6,52.9,16.7,38.8,101.6,-
Revised,2012,Colombia,23.4,29.0,52.8,88.9,61.7,14.4,44.0,91.5,-
Revised,2012,Greece,23.3,45.0,48.0,51.8,97.9,11.1,38.2,87.8,-
Revised,2012,Chile,21.0,51.0,43.6,59.3,70.2,9.4,41.6,103.8,-
Revised,2012,Brazil,10.8,31.7,40.7,59.1,87.6,15.3,30.0,82.9,-
Revised,2012,Pakistan,-3.1,26.2,41.3,60.4,36.4,20.2,13.0,101.3,-
Revised,2012,Philippines,-3.8,28.4,46.9,76.1,44.8,8.7,54.9,116.7,-
Revised,2012,Russia,-7.4,44.0,49.4,35.5,69.4,14.4,47.8,104.7,-
Revised,2012,Ukraine,-14.6,27.2,44.6,40.3,51.7,16.7,33.0,100.2,-
Revised,2012,Egypt,-22.2,27.2,55.7,65.7,50.8,11.8,59.0,125.7,-
Revised,2012,Iran,-35.2,46.4,48.1,43.4,54.3,12.5,73.5,131.8,-
Revised,2012,China,-49.5,33.5,55.5,36.1,51.6,29.9,29.7,122.8,-
Revised,2013,Switzerland,215.7,138.2,72.4,72.0,147.0,6.2,25.9,23.0,-
Revised,2013,Germany,204.8,118.0,76.1,73.3,87.6,5.0,31.9,28.4,-
Revised,2013,United States,199.6,138.4,46.6,67.8,79.6,2.2,39.5,32.5,-
Revised,2013,Sweden,191.4,108.3,68.2,78.7,110.7,8.8,27.9,18.8,-
Revised,2013,Canada,186.0,111.0,65.0,72.8,95.5,5.1,38.8,26.5,-
Revised,2013,United Arab Emirates,186.0,123.9,82.0,59.9,74.1,4.4,24.5,58.4,-
Revised,2013,Denmark,182.3,104.6,69.3,86.1,114.1,7.0,22.5,34.3,-
Revised,2013,Norway,173.9,97.3,74.4,80.5,164.9,7.3,27.1,23.4,-
Revised,2013,Qatar,169.9,140.6,73.8,68.1,80.9,5.4,30.5,82.8,-
Revised,2013,Austria,167.4,88.6,69.6,81.5,93.1,8.8,28.0,28.8,-
Revised,2013,Finland,167.2,95.6,67.3,76.4,101.7,9.4,49.0,18.5,-
Revised,2013,Australia,165.8,104.2,55.6,75.6,130.7,8.1,39.1,20.9,-
Revised,2013,New Zealand,163.2,85.6,58.2,76.0,110.5,5.9,26.6,21.8,-
Revised,2013,Netherlands,160.5,94.9,62.5,66.8,98.1,6.3,38.7,28.1,-
Revised,2013,Japan,159.8,87.7,86.9,80.1,113.2,8.3,50.3,33.7,-
Revised,2013,Estonia,154.9,54.0,75.8,78.1,67.2,9.3,23.2,16.4,-
Revised,2013,France,151.4,99.2,48.9,85.6,98.9,8.4,28.9,41.3,-
Revised,2013,Ireland,149.6,91.7,55.0,49.0,107.7,5.5,21.0,29.8,-
Revised,2013,United Kingdom,148.1,90.5,60.2,71.3,97.0,6.7,38.7,36.0,-
Revised,2013,Belgium,146.7,95.5,57.1,81.5,103.0,6.7,27.3,49.6,-
Revised,2013,Spain,141.1,83.7,65.9,75.6,79.3,9.6,26.4,46.5,-
Revised,2013,Saudi Arabia,140.5,116.1,68.3,34.2,71.3,3.1,15.8,80.5,-
Revised,2013,South Korea,135.6,95.6,82.6,80.6,79.7,12.5,21.5,75.6,-
Revised,2013,Slovenia,133.6,60.1,70.4,72.1,78.2,12.1,24.7,28.2,-
Revised,2013,South Africa,123.8,107.4,23.3,61.3,59.5,3.2,38.9,59.0,-
Revised,2013,Czech Republic,122.2,64.5,65.9,62.0,61.0,10.0,30.8,40.1,-
Revised,2013,Taiwan,120.6,74.2,83.7,81.2,66.8,9.0,38.3,71.5,-
Revised,2013,Portugal,119.8,54.6,65.0,61.6,71.8,8.1,27.9,35.0,-
Revised,2013,Puerto Rico,117.9,95.7,29.5,59.0,81.5,3.9,32.5,54.0,-
Revised,2013,Slovakia,114.6,54.2,64.8,60.0,62.7,7.9,41.0,34.4,-
Revised,2013,Lithuania,114.0,42.8,65.4,70.8,61.0,13.6,27.3,25.2,-
Revised,2013,Israel,99.3,73.5,51.7,87.0,90.2,10.3,46.6,59.5,-
Revised,2013,Hong Kong,94.3,81.2,83.4,71.1,76.2,23.9,43.9,64.9,-
Revised,2013,Poland,90.5,55.6,61.1,57.8,53.3,13.0,36.2,50.0,-
Revised,2013,Croatia,88.9,52.1,67.7,50.0,69.6,13.1,43.9,42.0,-
Revised,2013,Mexico,87.9,60.7,43.8,72.1,52.4,5.7,37.4,66.1,-
Revised,2013,Italy,87.4,75.8,50.5,64.8,98.1,13.0,38.4,58.9,-
Revised,2013,Panama,86.8,37.7,51.5,82.4,50.8,10.8,31.7,48.1,-
Revised,2013,Hungary,85.6,43.5,66.3,51.0,60.8,10.7,22.5,53.3,-
Revised,2013,Malaysia,79.7,71.8,32.3,59.7,54.1,6.8,38.6,67.4,-
Revised,2013,Uruguay,78.3,38.1,55.0,57.2,80.7,11.5,50.0,30.5,-
Revised,2013,Turkey,74.8,57.3,64.8,71.9,61.7,6.2,50.5,82.0,-
Revised,2013,India,73.7,62.7,57.9,62.7,30.2,10.0,50.6,77.5,-
Revised,2013,Chile,72.6,58.0,59.7,61.5,66.4,9.2,40.2,74.2,-
Revised,2013,Argentina,72.5,51.1,40.7,78.3,69.7,10.2,46.7,55.6,-
Revised,2013,Bosnia And Herzegovina,71.6,47.3,56.7,54.5,50.6,11.7,18.8,67.6,-
Revised,2013,Singapore,69.2,60.9,80.0,58.8,104.1,25.1,51.1,49.5,-
Revised,2013,Serbia,63.7,37.0,58.8,55.6,51.1,17.2,25.5,52.8,-
Revised,2013,Romania,57.8,36.4,70.0,46.1,49.5,14.3,34.8,63.3,-
Revised,2013,Greece,55.5,50.3,50.2,50.4,88.1,11.6,38.5,62.7,-
Revised,2013,Thailand,54.1,35.4,59.5,94.7,51.3,18.3,38.6,72.1,-
Revised,2013,Bulgaria,53.7,38.0,58.5,54.6,51.4,10.1,22.2,78.9,-
Revised,2013,Brazil,48.2,41.4,37.4,57.6,69.9,13.3,35.8,56.5,-
Revised,2013,Ecuador,37.7,26.0,40.3,64.8,46.0,13.3,43.0,58.5,-
Revised,2013,Georgia,35.7,29.0,80.4,69.0,53.2,33.8,20.0,64.8,-
Revised,2013,Colombia,35.1,29.4,45.8,77.3,57.2,15.5,43.6,68.3,-
Revised,2013,Ukraine,31.9,32.3,51.1,47.9,48.0,15.4,39.9,67.3,-
Revised,2013,China,31.5,42.4,73.1,60.9,60.7,22.2,30.5,89.3,-
Revised,2013,Philippines,21.1,26.0,45.1,73.7,47.8,16.4,46.8,74.8,-
Revised,2013,Russia,18.5,39.6,47.6,39.3,68.1,12.4,49.7,78.3,-
Revised,2013,Mongolia,14.1,28.4,53.1,43.1,61.9,13.0,26.7,89.0,-
Revised,2013,Lebanon,12.5,44.1,52.7,43.3,73.9,18.4,36.4,88.0,-
Revised,2013,Pakistan,7.7,26.4,38.5,47.9,32.8,17.5,16.0,87.0,-
Revised,2013,Egypt,7.6,27.4,51.3,59.1,44.1,12.3,59.0,89.9,-
Revised,2013,Iran,-7.0,35.8,43.9,45.7,57.0,16.3,58.3,90.2,-
Revised,2013,Indonesia,-12.5,24.6,59.5,48.5,46.0,24.8,54.4,85.1,-
Revised,2013,Venezuela,-48.3,18.7,14.3,44.4,110.6,20.8,38.8,81.9,-
Revised,2014,Switzerland,208.5,137.0,71.8,68.0,142.5,7.0,25.7,26.0,-
Revised,2014,United States,187.8,125.6,49.8,68.2,77.0,2.4,36.2,36.0,-
Revised,2014,Germany,186.6,105.8,70.9,76.7,86.8,6.1,31.4,30.3,-
Revised,2014,Finland,182.6,96.6,70.8,69.0,102.0,7.2,31.5,16.0,-
Revised,2014,Sweden,176.6,101.9,58.0,77.1,98.5,9.7,32.4,17.2,-
Revised,2014,Canada,172.9,101.9,62.8,72.4,89.6,5.4,39.5,28.8,-
Revised,2014,Australia,166.7,100.5,58.4,71.9,114.6,7.4,37.0,22.2,-
Revised,2014,Denmark,165.6,91.6,72.9,82.6,115.1,5.9,28.8,37.6,-
Revised,2014,New Zealand,164.2,84.2,57.6,73.6,106.7,5.8,25.5,19.2,-
Revised,2014,United Arab Emirates,161.0,102.0,79.5,59.1,67.8,5.6,31.8,54.6,-
Revised,2014,Austria,160.7,89.1,71.8,77.8,87.7,10.2,24.8,35.8,-
Revised,2014,Norway,160.5,89.8,67.0,75.4,145.2,7.8,25.6,24.9,-
Revised,2014,Japan,156.2,90.9,84.7,84.8,96.7,8.3,51.0,44.0,-
Revised,2014,Qatar,150.9,118.9,77.2,75.0,72.4,6.0,30.7,86.5,-
Revised,2014,Netherlands,149.9,91.8,63.6,66.7,98.7,6.5,35.5,37.3,-
Revised,2014,United Kingdom,146.2,90.0,59.0,72.8,103.1,7.8,34.6,36.0,-
Revised,2014,Cyprus,144.9,65.0,66.4,77.0,85.1,6.8,18.2,33.6,-
Revised,2014,Ireland,140.1,89.6,48.3,46.7,105.6,6.1,26.6,27.4,-
Revised,2014,Saudi Arabia,137.3,98.9,66.8,53.5,61.4,2.9,29.5,70.6,-
Revised,2014,Estonia,137.3,47.8,70.9,71.7,67.6,10.7,24.7,17.3,-
Revised,2014,Belgium,128.7,82.4,56.2,77.5,101.1,6.0,25.7,54.6,-
Revised,2014,France,127.0,86.9,52.1,81.6,101.9,10.3,30.3,48.5,-
Revised,2014,Portugal,122.6,51.8,65.4,66.0,67.8,8.7,29.0,30.9,-
Revised,2014,Slovenia,121.3,57.8,68.8,55.9,75.0,11.2,22.0,32.7,-
Revised,2014,Spain,121.2,71.2,65.9,74.2,75.7,10.4,30.9,50.2,-
Revised,2014,Czech Republic,119.9,62.0,66.0,66.3,56.5,10.3,30.9,42.3,-
Revised,2014,Lithuania,114.6,42.2,65.2,69.9,59.7,13.0,23.5,26.9,-
Revised,2014,Kuwait,112.3,71.9,58.4,64.5,99.8,6.3,17.0,59.6,-
Revised,2014,Puerto Rico,111.1,81.5,33.3,59.3,73.7,5.3,28.4,50.5,-
Revised,2014,South Korea,110.4,78.1,79.7,82.1,91.4,12.3,31.3,74.8,-
Revised,2014,South Africa,109.2,94.8,21.1,60.9,49.5,3.3,42.4,59.2,-
Revised,2014,Croatia,105.5,46.0,70.6,57.7,68.7,13.3,32.9,30.5,-
Revised,2014,Israel,104.8,76.7,68.7,77.4,91.6,11.6,41.4,65.0,-
Revised,2014,Slovakia,103.9,50.4,66.4,58.8,61.0,9.5,37.5,40.8,-
Revised,2014,Uruguay,100.2,39.1,56.2,67.9,72.6,10.8,45.0,21.3,-
Revised,2014,Poland,97.9,56.4,65.8,54.3,53.4,11.1,34.3,50.1,-
Revised,2014,Taiwan,94.0,65.7,78.6,82.3,59.4,24.1,25.1,64.1,-
Revised,2014,Singapore,93.8,65.2,81.2,63.0,101.0,21.7,44.4,43.0,-
Revised,2014,Panama,93.7,38.2,57.5,85.6,51.6,11.1,27.0,49.4,-
Revised,2014,Italy,88.4,72.5,52.9,66.0,95.8,11.6,38.0,60.4,-
Revised,2014,Hungary,85.2,41.9,59.7,49.7,56.9,9.6,30.1,45.6,-
Revised,2014,Greece,83.0,44.6,59.0,57.8,80.8,10.9,33.2,45.2,-
Revised,2014,Malaysia,78.9,67.5,31.4,68.9,50.0,8.3,41.1,64.5,-
Revised,2014,Hong Kong,77.5,68.0,81.2,80.4,75.9,29.4,42.3,61.5,-
Revised,2014,Mexico,76.6,52.6,47.2,69.8,47.8,6.5,38.9,69.2,-
Revised,2014,Argentina,74.4,55.3,40.2,75.3,64.9,10.1,44.0,58.6,-
Revised,2014,Belarus,72.8,32.7,71.0,48.0,50.3,16.7,24.8,46.4,-
Revised,2014,India,72.6,59.3,54.7,64.0,27.7,10.4,46.7,75.0,-
Revised,2014,Bosnia And Herzegovina,69.4,41.7,53.9,54.4,49.0,12.4,22.6,59.0,-
Revised,2014,Romania,66.7,35.5,70.7,46.7,49.2,12.7,31.4,59.2,-
Revised,2014,Serbia,66.6,36.6,58.4,54.7,50.7,16.4,24.6,50.9,-
Revised,2014,Bulgaria,65.6,36.2,59.0,59.6,49.7,9.5,34.3,63.6,-
Revised,2014,Georgia,65.0,24.0,80.6,76.9,43.0,15.6,38.0,64.1,-
Revised,2014,Turkey,64.5,49.6,58.4,60.2,53.6,7.2,50.7,73.5,-
Revised,2014,Chile,61.9,51.1,55.2,60.6,57.9,10.9,40.5,72.2,-
Revised,2014,Thailand,46.9,33.3,63.0,85.0,45.9,21.8,33.0,71.8,-
Revised,2014,Kazakhstan,43.5,36.6,54.2,58.6,55.0,12.4,36.5,73.9,-
Revised,2014,Colombia,40.2,32.6,43.3,67.9,50.1,14.3,45.9,62.4,-
Revised,2014,Jordan,38.3,35.8,52.5,74.1,61.8,8.3,48.5,85.7,-
Revised,2014,Ecuador,37.5,25.8,41.7,63.1,45.6,13.9,45.7,56.5,-
Revised,2014,Philippines,32.7,31.0,58.0,73.2,41.8,19.4,49.5,71.5,-
Revised,2014,Brazil,29.7,38.4,30.4,51.2,66.2,16.6,44.8,53.1,-
Revised,2014,Pakistan,23.5,30.5,39.4,52.2,31.5,13.8,25.5,81.1,-
Revised,2014,Russia,23.0,36.1,47.7,52.7,61.7,14.7,50.2,73.5,-
Revised,2014,China,21.2,40.2,72.7,61.5,52.6,28.1,32.6,86.2,-
Revised,2014,Lebanon,20.9,40.1,54.8,61.3,69.0,18.1,32.4,89.8,-
Revised,2014,Ukraine,20.1,27.1,49.8,46.9,44.3,16.7,39.1,71.0,-
Revised,2014,Indonesia,18.0,23.1,51.6,64.5,40.4,20.2,40.0,72.4,-
Revised,2014,Kenya,5.4,27.3,20.9,57.1,53.8,12.3,67.1,62.2,-
Revised,2014,Cambodia,2.5,12.3,59.2,54.2,54.2,20.3,33.3,78.3,-
Revised,2014,Egypt,0.9,24.7,45.1,58.3,36.2,10.8,60.7,92.6,-
Revised,2014,Vietnam,-1.3,22.6,49.8,35.4,44.2,19.1,31.0,81.4,-
Revised,2014,Bolivia,-1.5,33.0,31.7,45.7,42.3,11.4,63.0,83.3,-
Revised,2014,Iran,-11.7,27.4,48.9,50.0,47.7,21.5,54.5,86.1,-
Revised,2014,Mongolia,-40.0,21.7,29.7,27.2,53.9,18.8,36.9,95.7,-
Revised,2014,Venezuela,-59.6,12.2,17.4,42.8,119.1,28.2,28.9,76.6,-
Revised,2015,Switzerland,285.8,210.0,73.8,66.5,124.5,8.1,24.9,24.3,-
Revised,2015,Denmark,254.7,164.3,75.0,82.4,88.3,5.2,25.6,31.2,-
Revised,2015,Germany,244.3,160.1,69.4,76.4,66.0,7.1,28.9,29.2,-
Revised,2015,Finland,242.7,149.4,73.4,75.2,76.9,6.8,36.1,17.4,-
Revised,2015,Sweden,237.2,156.2,57.0,75.2,73.9,8.4,28.2,18.6,-
Revised,2015,Saudi Arabia,228.5,187.4,69.7,60.0,48.2,2.9,35.6,72.9,-
Revised,2015,Australia,227.2,158.0,56.6,72.7,89.5,7.9,35.6,23.1,-
Revised,2015,Norway,223.0,139.8,69.6,74.6,109.3,7.3,25.0,22.4,-
Revised,2015,Netherlands,220.8,150.6,66.7,68.8,74.4,5.4,37.5,34.7,-
Revised,2015,United States,220.4,156.5,50.2,67.1,73.4,3.4,35.0,33.3,-
Revised,2015,Austria,214.6,135.3,73.7,76.5,68.1,9.4,28.9,32.4,-
Revised,2015,Canada,214.2,143.9,61.3,68.9,73.5,5.8,39.1,29.3,-
Revised,2015,New Zealand,203.8,118.8,62.0,73.6,79.8,6.8,27.8,19.8,-
Revised,2015,South Korea,194.3,138.3,83.1,73.3,77.8,13.9,25.8,51.6,-
Revised,2015,United Kingdom,193.4,133.6,57.1,73.7,86.7,8.3,34.4,33.8,-
Revised,2015,Japan,191.4,135.8,79.2,80.1,74.3,17.7,47.0,35.0,-
Revised,2015,United Arab Emirates,190.9,143.8,76.7,53.9,64.9,6.2,35.3,59.4,-
Revised,2015,Ireland,189.0,137.6,51.4,49.7,79.7,8.1,31.8,28.9,-
Revised,2015,France,183.5,132.5,52.4,81.0,75.9,9.1,30.5,45.2,-
Revised,2015,Spain,178.8,114.8,67.6,74.2,56.6,8.5,28.7,46.2,-
Revised,2015,Israel,169.4,133.6,67.9,76.2,77.6,9.6,37.6,64.8,-
Revised,2015,Slovenia,168.2,94.6,73.0,53.3,55.6,10.3,22.6,29.9,-
Revised,2015,Belgium,161.2,115.2,57.4,75.5,76.7,6.5,30.8,56.1,-
Revised,2015,Czech Republic,161.1,98.8,67.7,67.7,42.7,9.9,32.9,42.7,-
Revised,2015,Portugal,159.6,87.3,63.7,66.6,50.6,7.9,30.3,32.7,-
Revised,2015,Singapore,152.1,117.7,82.9,66.6,88.1,23.9,45.4,38.0,-
Revised,2015,South Africa,151.0,142.4,22.1,58.0,43.5,3.2,43.9,65.0,-
Revised,2015,Poland,141.8,91.0,67.7,58.4,39.6,9.9,34.0,49.4,-
Revised,2015,Italy,139.5,112.6,53.2,66.3,72.4,10.6,36.1,57.4,-
Revised,2015,Croatia,138.8,71.4,71.0,59.2,49.8,11.6,32.2,31.3,-
Revised,2015,Slovakia,136.7,77.1,67.2,56.8,45.1,8.8,26.1,44.5,-
Revised,2015,Greece,130.3,83.2,60.6,56.0,58.9,8.3,30.6,47.6,-
Revised,2015,Mexico,125.6,91.4,47.0,69.1,38.1,5.7,33.4,64.9,-
Revised,2015,Lithuania,121.6,64.4,57.5,64.9,46.1,12.8,31.4,32.8,-
Revised,2015,Chile,117.2,93.8,56.5,63.2,49.2,8.9,40.0,67.9,-
Revised,2015,India,115.1,99.3,53.2,66.3,24.8,8.9,45.1,76.9,-
Revised,2015,Hungary,113.7,66.3,56.7,50.0,41.8,8.0,30.4,45.7,-
Revised,2015,Malaysia,112.2,103.8,30.7,66.8,41.7,8.8,39.4,67.4,-
Revised,2015,Turkey,111.8,77.6,62.8,73.5,44.5,6.6,46.9,69.2,-
Revised,2015,Romania,107.4,61.2,70.0,48.5,36.9,10.7,33.3,50.1,-
Revised,2015,Hong Kong,104.8,111.8,78.1,75.5,75.0,31.5,45.7,67.5,-
Revised,2015,Bosnia And Herzegovina,102.3,64.9,55.9,52.5,36.2,11.1,22.4,55.2,-
Revised,2015,Bulgaria,93.7,58.7,58.0,55.3,36.1,8.6,31.8,61.0,-
Revised,2015,Argentina,92.8,83.6,36.5,74.8,68.2,12.9,43.1,59.6,-
Revised,2015,Serbia,80.5,55.9,54.8,54.3,35.4,15.6,25.7,57.5,-
Revised,2015,Thailand,68.9,57.3,60.3,80.7,42.7,18.2,44.1,72.1,-
Revised,2015,China,61.8,86.9,59.7,58.9,46.8,22.9,42.4,87.9,-
Revised,2015,Philippines,60.1,50.3,63.1,73.8,36.1,18.6,46.1,71.9,-
Revised,2015,Russia,59.8,62.0,50.7,53.7,44.3,14.8,46.8,70.4,-
Revised,2015,Colombia,54.8,50.0,40.1,70.5,35.4,16.5,44.2,63.5,-
Revised,2015,Brazil,43.7,56.2,29.8,50.6,46.7,16.8,45.5,59.4,-
Revised,2015,Pakistan,37.8,46.4,40.9,56.8,27.8,15.5,33.5,79.4,-
Revised,2015,Indonesia,31.8,37.5,53.9,63.7,35.9,20.3,40.6,74.9,-
Revised,2015,Iran,25.4,48.8,48.8,48.0,43.1,17.1,45.5,83.5,-
Revised,2015,Ukraine,12.4,32.7,50.4,46.2,30.7,24.6,41.2,70.3,-
Revised,2015,Egypt,11.3,40.8,40.8,51.7,35.3,11.0,55.5,94.3,-
Revised,2015,Venezuela,-40.7,21.5,14.8,36.6,82.8,20.0,39.4,80.3,-
Revised,2016,Denmark,201.5,135.2,76.5,78.2,84.4,6.3,28.0,26.8,66.1
Revised,2016,Switzerland,196.4,153.9,75.6,69.9,125.7,9.3,27.4,21.7,63.4
Revised,2016,Australia,196.4,137.3,58.0,74.1,79.7,7.5,35.8,24.1,80.6
Revised,2016,New Zealand,196.1,108.6,62.2,72.2,81.5,6.8,28.5,19.4,86.0
Revised,2016,Germany,189.9,136.1,67.3,76.0,66.8,7.2,31.2,27.7,52.0
Revised,2016,Austria,187.0,103.5,78.3,78.8,71.8,10.4,29.0,25.4,62.1
Revised,2016,Netherlands,186.5,120.1,69.1,69.2,73.0,6.5,33.8,29.1,67.1
Revised,2016,Spain,184.7,94.8,67.9,76.6,57.0,8.7,30.8,40.4,89.2
Revised,2016,Finland,184.0,123.4,73.5,74.8,74.4,8.0,33.8,14.6,34.8
Revised,2016,United States,181.9,130.2,51.3,68.2,73.2,3.4,33.9,32.7,67.4
Revised,2016,Portugal,180.7,68.4,65.5,69.8,49.8,8.9,30.1,29.9,93.0
Revised,2016,Sweden,177.9,117.3,54.9,74.7,77.6,11.8,31.0,16.6,55.2
Revised,2016,United Kingdom,177.7,109.8,57.6,74.3,72.7,9.5,34.3,34.2,78.7
Revised,2016,Norway,176.2,115.0,60.6,73.9,104.3,7.7,28.9,19.3,52.3
Revised,2016,Canada,172.8,118.1,60.5,68.8,69.1,6.5,37.2,28.2,51.2
Revised,2016,Japan,172.7,107.3,80.0,80.2,93.0,13.4,47.4,40.9,81.3
Revised,2016,France,172.3,105.4,56.6,80.6,76.9,11.4,33.6,42.0,82.3
Revised,2016,Estonia,171.7,72.3,74.1,71.3,50.5,11.0,22.3,19.2,44.6
Revised,2016,Ireland,170.8,115.5,53.6,53.4,78.7,7.7,35.6,27.5,72.0
Revised,2016,Czech Republic,167.8,82.8,68.7,74.6,41.6,10.6,31.2,42.2,66.3
Revised,2016,South Korea,167.5,108.4,85.0,88.4,74.5,13.2,33.3,50.3,49.0
Revised,2016,Croatia,167.5,63.9,71.3,61.8,49.4,11.7,29.4,30.7,76.7
Revised,2016,Belgium,162.6,99.3,55.1,78.2,76.2,7.1,37.3,50.5,77.3
Revised,2016,Israel,160.7,103.8,68.7,75.5,75.2,11.0,38.0,61.9,81.9
Revised,2016,Italy,160.2,102.6,55.0,66.6,69.7,10.6,36.9,53.0,86.7
Revised,2016,Saudi Arabia,157.0,161.4,74.5,60.9,46.3,2.7,36.6,72.1,18.3
Revised,2016,Greece,156.8,67.3,60.6,55.0,55.6,7.9,29.6,49.1,88.3
Revised,2016,Slovakia,154.1,67.6,68.8,61.1,45.7,9.6,32.2,44.3,65.1
Revised,2016,Taiwan,150.6,113.2,80.5,84.7,57.4,15.5,33.6,64.3,35.7
Revised,2016,Poland,150.1,75.3,67.4,60.5,38.4,10.9,34.7,50.8,63.9
Revised,2016,South Africa,148.9,111.4,22.5,61.5,37.8,3.3,43.4,64.5,88.0
Revised,2016,Romania,144.9,57.1,69.5,53.1,35.7,11.0,32.1,48.7,65.6
Revised,2016,Mexico,142.8,66.9,49.6,68.0,33.1,6.6,38.9,66.8,82.5
Revised,2016,Bosnia And Herzegovina,142.5,56.2,58.6,60.9,35.1,11.2,23.5,57.3,69.2
Revised,2016,United Arab Emirates,141.5,126.2,77.8,59.6,65.7,5.5,33.8,59.6,7.2
Revised,2016,Chile,140.7,70.0,52.0,60.3,47.9,10.0,35.7,66.8,88.9
Revised,2016,Hungary,140.0,50.7,59.2,52.5,42.3,10.8,31.1,45.5,68.4
Revised,2016,Bulgaria,139.7,54.3,58.0,53.4,37.0,9.2,27.5,61.7,78.2
Revised,2016,Argentina,137.3,61.3,36.9,74.1,55.3,13.1,39.1,56.1,91.7
Revised,2016,Serbia,135.9,44.8,60.1,55.8,34.5,17.6,27.9,55.9,82.7
Revised,2016,Qatar,135.6,131.0,79.6,68.9,68.0,5.7,32.0,80.3,9.3
Revised,2016,Lithuania,133.4,57.8,58.4,67.6,46.9,12.3,29.2,33.2,24.9
Revised,2016,Turkey,129.7,59.9,60.5,71.9,46.7,8.3,49.0,69.2,70.0
Revised,2016,Jordan,120.6,46.5,56.0,71.2,55.5,8.6,47.2,83.3,88.6
Revised,2016,Colombia,118.5,40.8,49.3,67.5,32.4,18.2,45.0,64.6,81.5
Revised,2016,North Macedonia,114.9,42.8,61.5,62.4,32.0,14.9,35.3,85.0,75.5
Revised,2016,India,106.3,83.2,55.2,68.4,24.0,10.8,45.1,76.6,14.5
Revised,2016,Hong Kong,104.0,91.8,79.7,75.3,78.2,35.0,43.9,67.5,29.8
Revised,2016,Iran,97.0,46.7,48.1,50.1,38.2,13.6,49.2,83.6,71.5
Revised,2016,Brazil,94.8,46.9,29.4,52.0,49.1,16.6,47.2,61.0,62.4
Revised,2016,China,94.6,68.4,68.5,62.2,45.7,25.7,44.7,88.1,48.1
Revised,2016,Pakistan,92.3,42.3,43.6,58.6,26.3,12.6,38.8,77.8,38.5
Revised,2016,Singapore,88.9,98.0,83.5,70.9,87.8,20.9,42.1,37.7,-71.5
Revised,2016,Egypt,88.4,37.1,43.5,46.6,32.6,10.8,51.0,92.8,75.6
Revised,2016,Russia,86.5,52.6,52.6,55.4,35.6,13.3,48.4,64.5,9.2
Revised,2016,Ukraine,84.1,27.5,50.6,48.1,27.0,25.8,39.5,68.6,50.5
Revised,2016,Indonesia,66.4,33.7,50.5,65.4,38.4,18.6,47.3,76.2,4.4
Revised,2016,Philippines,60.0,38.4,61.0,68.8,35.3,17.4,44.6,71.6,-37.7
Revised,2016,Malaysia,57.4,83.1,34.4,65.8,42.2,9.4,39.3,67.6,-73.7
Revised,2016,Thailand,49.5,37.2,47.8,79.8,42.0,24.1,43.4,72.8,-36.9
Revised,2016,Vietnam,31.5,24.1,46.5,42.3,39.1,28.9,33.8,88.4,-11.6
Revised,2017,Denmark,180.1,98.7,78.5,76.2,93.3,7.3,28.6,24.2,82.0
Revised,2017,Finland,179.4,101.9,76.8,74.6,81.2,7.6,33.9,12.6,58.8
Revised,2017,Germany,178.9,107.9,67.4,76.0,73.2,7.8,30.7,27.2,82.8
Revised,2017,Austria,178.5,87.1,80.9,79.5,79.0,9.5,27.1,23.5,77.7
Revised,2017,Netherlands,177.8,94.2,71.1,82.2,79.6,6.7,32.8,27.3,86.8
Revised,2017,Switzerland,172.9,114.6,78.4,71.7,138.2,10.4,28.9,22.4,79.6
Revised,2017,New Zealand,172.5,89.6,60.8,71.6,87.5,7.0,33.6,19.8,96.1
Revised,2017,Australia,172.4,107.8,58.0,75.4,86.0,7.6,35.7,24.9,87.9
Revised,2017,United States,167.5,114.7,51.5,68.5,77.2,3.1,34.8,31.4,76.1
Revised,2017,Slovenia,166.1,68.7,75.3,65.2,58.3,8.2,26.5,26.0,76.1
Revised,2017,Spain,165.7,78.2,70.0,76.3,60.6,7.9,32.1,38.4,91.6
Revised,2017,Sweden,159.9,94.8,50.7,70.6,83.3,11.6,30.2,19.2,73.7
Revised,2017,Portugal,159.6,55.8,65.1,69.7,54.6,9.2,31.1,29.8,97.3
Revised,2017,Norway,158.9,92.2,55.0,75.0,112.8,8.6,30.6,19.5,71.9
Revised,2017,Canada,158.2,98.5,60.9,69.8,72.8,6.4,36.0,27.7,53.6
Revised,2017,United Kingdom,156.8,92.5,59.0,74.3,76.0,11.1,35.5,36.9,87.7
Revised,2017,Japan,155.8,92.5,80.5,81.3,89.5,13.3,45.2,41.0,81.4
Revised,2017,Croatia,155.1,53.7,71.9,65.1,54.0,10.8,29.4,31.7,87.2
Revised,2017,France,154.4,89.4,55.2,78.4,81.2,9.3,34.8,41.0,89.9
Revised,2017,Czech Republic,153.7,65.8,70.8,75.5,47.7,11.4,31.3,41.4,78.1
Revised,2017,Ireland,152.1,87.3,55.2,53.1,84.9,7.1,37.0,28.3,89.5
Revised,2017,Taiwan,150.0,94.9,81.7,82.8,66.8,13.8,35.8,62.9,75.2
Revised,2017,Belgium,147.5,80.4,57.7,79.8,82.2,7.2,34.7,49.8,86.4
Revised,2017,Slovakia,144.5,57.9,69.5,63.2,49.4,9.7,33.7,42.0,77.5
Revised,2017,South Korea,142.7,89.7,70.6,82.5,81.1,14.3,36.0,52.5,65.9
Revised,2017,Israel,142.5,92.3,70.5,75.0,88.6,13.4,35.5,61.1,89.8
Revised,2017,Poland,141.3,64.8,69.8,62.3,43.5,9.8,34.1,51.1,75.6
Revised,2017,United Arab Emirates,140.6,106.1,80.7,63.3,70.1,5.2,37.2,56.4,23.8
Revised,2017,Saudi Arabia,139.9,119.4,72.9,60.3,50.2,2.8,35.0,73.1,32.0
Revised,2017,Lithuania,138.4,48.5,60.9,66.3,51.9,13.8,27.0,33.9,66.8
Revised,2017,Romania,138.2,57.4,71.5,53.8,38.7,8.8,32.5,51.2,74.6
Revised,2017,Singapore,134.5,88.1,83.1,68.5,88.1,22.2,45.4,34.8,48.0
Revised,2017,Italy,132.6,68.1,55.4,66.7,77.4,10.4,36.2,52.3,89.6
Revised,2017,Greece,131.1,49.7,60.6,54.6,61.3,8.5,31.0,52.4,91.0
Revised,2017,South Africa,126.4,85.9,24.6,62.6,46.5,3.6,43.0,62.5,92.5
Revised,2017,Hungary,125.8,41.5,61.8,52.3,47.2,12.4,33.5,45.2,78.2
Revised,2017,Bulgaria,122.9,46.6,60.0,52.7,40.2,8.8,29.1,62.6,78.8
Revised,2017,Mexico,120.7,51.4,49.4,69.8,36.3,7.0,39.8,66.5,78.4
Revised,2017,Argentina,119.7,50.8,36.5,72.2,56.8,11.8,38.9,55.1,94.6
Revised,2017,Turkey,118.3,47.8,59.0,70.8,44.4,9.4,46.2,70.1,88.6
Revised,2017,Chile,116.4,49.6,55.4,61.8,53.3,12.4,36.1,67.2,90.1
Revised,2017,Serbia,116.4,36.1,61.2,53.1,37.4,18.0,29.3,55.7,82.1
Revised,2017,India,110.4,67.1,55.5,67.5,27.5,9.9,46.6,76.6,55.6
Revised,2017,Malaysia,104.1,64.4,36.4,65.7,43.3,9.5,37.1,65.2,42.2
Revised,2017,Indonesia,103.8,32.6,56.2,68.2,42.3,13.0,41.7,58.0,49.3
Revised,2017,Colombia,103.6,33.0,48.7,66.8,34.3,18.3,47.1,64.6,93.3
Revised,2017,Hong Kong,99.2,74.0,79.9,65.2,79.2,38.6,41.3,68.5,72.8
Revised,2017,Pakistan,94.2,35.9,46.7,56.9,27.6,11.8,40.1,77.9,69.3
Revised,2017,Philippines,92.9,31.9,60.0,68.5,36.5,17.2,43.4,71.3,49.6
Revised,2017,Russia,91.7,45.2,54.3,56.1,44.5,12.4,49.5,63.8,38.0
Revised,2017,China,91.3,62.2,67.5,61.6,45.8,27.4,43.4,86.8,72.5
Revised,2017,Brazil,89.6,36.5,29.6,52.4,53.1,17.0,46.2,60.1,90.2
Revised,2017,Ukraine,87.6,25.2,49.6,49.3,29.2,19.9,38.5,67.6,69.2
Revised,2017,Iran,85.0,39.3,50.2,51.8,38.2,12.9,50.2,80.8,69.0
Revised,2017,Thailand,82.0,28.6,51.1,80.6,47.2,26.0,41.1,72.8,51.8
Revised,2017,Egypt,78.5,23.2,46.7,42.9,25.4,11.7,47.6,89.1,85.8
Revised,2018,Denmark,199.9,118.8,77.3,79.9,82.7,7.1,30.2,22.5,81.9
Revised,2018,Finland,197.3,120.0,77.4,75.0,72.7,7.4,32.9,12.2,59.7
Revised,2018,Switzerland,194.0,130.1,77.9,72.2,120.0,10.6,29.4,22.9,79.9
Revised,2018,Australia,192.4,128.6,57.8,75.8,73.9,7.3,36.5,24.3,92.6
Revised,2018,Austria,192.0,103.8,78.5,79.2,72.3,9.8,27.5,23.1,77.0
Revised,2018,Netherlands,190.2,108.3,71.8,79.1,75.9,7.3,31.9,28.1,87.0
Revised,2018,Germany,189.1,123.3,63.8,74.9,67.9,8.5,31.0,28.2,82.4
Revised,2018,New Zealand,185.1,101.9,60.1,72.6,72.4,8.2,33.6,21.9,96.2
Revised,2018,Japan,184.2,108.4,87.3,82.2,79.9,11.7,40.9,36.0,85.3
Revised,2018,United States,182.7,129.4,53.0,68.9,69.0,3.4,34.2,32.3,77.3
Revised,2018,Iceland,181.8,93.2,76.4,63.9,112.6,6.6,27.4,15.6,68.3
Revised,2018,Norway,181.6,109.5,61.6,75.0,104.1,8.2,29.5,20.1,71.3
Revised,2018,Sweden,181.4,120.9,50.1,69.0,70.4,9.6,31.0,18.5,74.5
Revised,2018,Estonia,180.7,77.4,79.7,72.5,51.6,9.2,29.6,18.1,66.2
Revised,2018,United Arab Emirates,176.2,142.3,82.5,69.9,54.6,3.9,39.8,53.9,45.8
Revised,2018,Slovenia,175.7,81.3,75.6,63.6,52.9,9.4,28.6,25.5,78.1
Revised,2018,Spain,174.4,90.4,63.2,77.9,55.4,8.6,31.9,38.6,94.0
Revised,2018,United Kingdom,174.2,112.9,58.4,74.1,67.2,8.9,35.6,38.4,87.8
Revised,2018,Canada,173.8,116.0,60.8,70.1,64.5,6.9,35.8,27.7,56.2
Revised,2018,Qatar,167.6,142.7,85.9,72.9,62.6,4.8,34.3,68.2,36.0
Revised,2018,Portugal,164.8,60.0,66.2,69.5,50.6,11.6,30.4,31.3,97.8
Revised,2018,Belgium,164.6,99.3,58.5,80.9,74.4,7.2,35.7,49.4,86.0
Revised,2018,France,164.3,99.7,54.0,78.7,74.8,11.5,35.2,41.0,89.8
Revised,2018,Croatia,162.3,62.2,73.1,62.6,50.1,11.3,30.7,33.1,88.9
Revised,2018,Czech Republic,162.0,77.6,72.1,74.6,44.5,13.9,30.3,40.6,77.0
Revised,2018,Ireland,161.3,95.4,56.0,48.2,77.1,8.1,35.7,30.4,89.3
Revised,2018,Taiwan,159.5,102.1,78.6,85.3,59.7,17.5,32.7,63.9,82.9
Revised,2018,Cyprus,159.2,83.8,69.6,50.7,55.0,6.3,21.6,56.2,92.2
Revised,2018,Singapore,156.2,99.2,84.4,69.3,80.4,21.2,42.5,33.1,57.5
Revised,2018,Slovakia,155.4,66.5,70.0,62.9,45.4,10.0,30.9,41.3,78.6
Revised,2018,South Korea,153.7,107.7,63.1,84.3,76.6,15.3,37.7,53.4,68.4
Revised,2018,Israel,153.7,98.1,62.7,74.2,74.9,12.6,36.2,59.4,93.8
Revised,2018,Lithuania,153.4,60.6,63.1,67.3,46.9,11.9,29.0,32.0,69.3
Revised,2018,Saudi Arabia,151.8,130.4,63.1,58.9,46.6,2.7,32.7,68.4,41.4
Revised,2018,Italy,149.1,86.8,54.8,67.1,69.7,9.6,36.5,53.8,92.5
Revised,2018,Poland,147.5,75.2,64.5,62.5,38.7,10.0,32.8,52.1,75.8
Revised,2018,Romania,141.0,63.8,71.5,54.2,36.7,9.9,35.6,54.4,76.8
Revised,2018,Belarus,138.7,44.3,73.8,56.2,32.0,14.9,29.1,40.7,64.3
Revised,2018,Greece,137.5,53.2,61.2,55.5,57.6,9.7,33.6,52.4,91.8
Revised,2018,South Africa,137.1,91.4,23.9,63.3,42.1,3.9,42.4,59.2,96.0
Revised,2018,Hungary,134.5,56.7,64.1,47.8,41.3,13.0,35.3,46.3,79.2
Revised,2018,Bulgaria,131.2,57.2,59.7,53.9,37.8,8.8,30.4,64.2,82.5
Revised,2018,Argentina,130.4,61.5,38.1,70.5,36.4,13.1,42.2,54.5,98.2
Revised,2018,Turkey,127.9,53.2,59.3,69.7,35.5,9.5,45.6,69.0,92.9
Revised,2018,Bosnia And Herzegovina,126.0,52.1,55.3,54.6,36.0,12.0,27.1,62.9,80.5
Revised,2018,Chile,124.3,54.5,54.0,64.2,48.2,13.6,36.7,65.2,90.2
Revised,2018,Mexico,124.0,53.9,47.9,69.6,30.5,9.7,42.3,66.2,86.0
Revised,2018,Serbia,122.6,43.1,61.6,54.2,36.1,18.1,29.1,57.9,83.3
Revised,2018,India,121.6,77.7,56.8,68.0,23.8,10.8,47.6,75.2,66.0
Revised,2018,Malaysia,121.3,76.3,38.8,67.5,40.7,9.3,37.6,64.5,58.6
Revised,2018,Jordan,113.8,46.4,56.5,64.8,52.5,6.8,45.4,80.6,88.8
Revised,2018,Lebanon,112.2,58.9,53.4,67.0,57.2,13.1,39.5,86.7,94.7
Revised,2018,Colombia,111.1,38.0,49.2,67.0,32.6,18.7,47.4,63.1,96.7
Revised,2018,North Macedonia,108.9,41.6,60.1,59.1,31.5,13.8,31.2,81.5,76.3
Revised,2018,Indonesia,107.8,35.0,54.4,63.0,36.2,13.8,44.8,62.3,68.4
Revised,2018,Russia,107.3,52.1,56.4,57.3,36.7,11.4,47.0,63.4,48.7
Revised,2018,Hong Kong,104.5,76.5,78.0,66.8,74.7,46.9,40.3,67.9,83.6
Revised,2018,Thailand,103.9,44.0,51.6,79.2,44.6,21.5,39.8,72.6,69.2
Revised,2018,Pakistan,103.0,41.6,52.1,58.9,22.2,13.6,42.2,75.5,72.2
Revised,2018,Ukraine,100.4,34.3,50.0,50.3,27.1,15.3,39.6,66.2,70.4
Revised,2018,Brazil,100.3,40.7,29.7,54.2,40.5,17.9,45.9,59.1,95.4
Revised,2018,China,99.1,74.2,51.3,63.5,40.3,27.2,42.7,83.1,78.8
Revised,2018,Philippines,94.6,31.8,59.6,66.6,32.8,19.4,45.3,74.1,60.8
Revised,2018,Iran,92.0,44.3,50.6,52.0,30.9,13.2,50.8,80.6,71.0
Revised,2018,Vietnam,86.0,35.6,49.5,54.5,36.9,20.1,32.8,87.5,71.2
Revised,2018,Egypt,84.6,25.3,47.6,44.2,24.7,13.3,47.1,87.6,92.0
Revised,2019,Denmark,196.5,110.7,75.3,79.2,83.9,7.5,29.6,20.8,82.3
Revised,2019,Switzerland,196.1,127.8,78.8,73.2,122.7,9.1,29.1,21.3,79.2
Revised,2019,Finland,195.1,108.8,77.3,75.3,72.2,7.9,30.6,11.6,62.8
Revised,2019,Australia,189.7,118.1,57.3,76.8,73.4,7.7,35.7,23.2,94.2
Revised,2019,Iceland,188.1,92.0,76.8,65.7,97.2,6.4,19.5,15.7,68.8
Revised,2019,Austria,187.8,89.9,76.8,79.5,72.1,10.6,25.4,21.8,80.4
Revised,2019,Netherlands,186.4,98.0,71.5,75.6,75.2,7.5,29.4,27.3,87.6
Revised,2019,Germany,184.3,112.0,65.4,73.6,66.6,9.4,30.4,28.4,82.8
Revised,2019,New Zealand,183.1,97.6,59.1,73.7,73.0,8.5,30.7,23.5,95.5
Revised,2019,Sweden,180.5,112.7,52.8,69.4,70.1,9.6,30.0,17.4,73.6
Revised,2019,Norway,179.8,98.0,66.5,74.4,104.5,8.6,27.2,20.3,71.4
Revised,2019,Estonia,178.3,76.8,77.8,68.5,51.0,9.1,25.5,19.9,64.3
Revised,2019,United States,176.8,119.1,53.3,69.2,70.9,3.5,32.7,35.7,76.7
Revised,2019,Japan,176.5,97.6,84.1,80.5,85.5,12.8,38.6,36.8,85.3
Revised,2019,Spain,173.6,79.8,68.9,78.4,54.7,9.5,29.3,39.2,94.5
Revised,2019,Slovenia,172.3,68.2,78.0,63.7,54.2,10.6,26.7,23.2,76.1
Revised,2019,Canada,169.4,105.0,60.5,71.3,68.2,7.9,33.6,27.7,55.8
Revised,2019,United Kingdom,166.7,100.5,56.4,74.9,65.3,9.8,34.8,40.6,87.7
Revised,2019,Croatia,164.7,57.2,75.8,65.6,50.0,12.7,29.9,29.1,89.0
Revised,2019,Portugal,164.4,53.6,69.9,71.6,50.8,13.0,29.2,30.6,97.5
Revised,2019,Qatar,164.3,119.3,88.0,73.2,62.2,5.8,31.1,61.6,36.0
Revised,2019,Belgium,160.8,93.2,57.5,78.3,73.1,6.9,34.6,50.5,86.0
Revised,2019,Czech Republic,160.4,71.2,74.0,74.5,45.7,14.4,29.7,40.1,77.1
Revised,2019,Lithuania,159.0,60.4,65.2,68.8,45.4,11.0,26.3,29.8,69.9
Revised,2019,Ireland,158.3,90.8,53.8,51.4,76.3,7.1,36.5,33.0,88.6
Revised,2019,United Arab Emirates,158.3,100.5,84.5,66.1,63.6,5.4,37.2,53.0,45.2
Revised,2019,France,156.1,87.7,53.5,78.3,74.6,13.7,34.6,42.9,89.8
Revised,2019,Slovakia,154.5,61.8,70.8,60.5,44.6,10.1,28.4,40.6,78.1
Revised,2019,Latvia,153.6,56.6,63.4,63.7,49.6,8.7,31.1,32.9,74.7
Revised,2019,Cyprus,152.7,67.3,70.4,52.1,58.4,8.0,21.1,54.2,90.9
Revised,2019,Israel,152.3,86.0,69.3,73.0,79.5,13.5,35.4,56.9,93.8
Revised,2019,Saudi Arabia,151.8,110.9,71.8,60.0,48.7,2.8,29.1,66.1,41.4
Revised,2019,South Korea,151.2,99.1,70.8,83.6,75.2,16.2,39.6,54.8,68.4
Revised,2019,Taiwan,146.6,74.2,83.8,86.9,58.8,23.2,32.0,64.2,84.4
Revised,2019,Singapore,146.1,88.8,72.3,71.1,80.2,23.1,41.3,32.1,57.5
Revised,2019,Poland,145.9,66.1,70.3,62.5,39.4,10.9,31.7,52.9,75.9
Revised,2019,Italy,143.8,73.4,55.7,66.6,69.0,9.4,34.9,55.0,91.3
Revised,2019,Belarus,137.9,42.9,75.2,58.9,33.0,14.3,30.3,43.8,64.4
Revised,2019,South Africa,135.7,81.3,23.0,63.3,43.7,3.8,39.9,56.2,96.0
Revised,2019,Romania,135.7,54.2,72.2,55.0,36.1,11.2,34.8,56.5,77.6
Revised,2019,Greece,135.6,48.5,60.7,55.5,56.7,10.0,33.4,52.5,92.9
Revised,2019,Hungary,133.1,53.8,64.6,47.6,41.7,12.5,35.8,47.6,79.5
Revised,2019,Bulgaria,130.3,51.0,60.7,55.1,37.4,9.0,29.0,63.6,81.2
Revised,2019,Ecuador,128.1,40.8,51.1,70.8,42.0,12.0,38.2,56.6,92.6
Revised,2019,Uruguay,127.0,39.8,47.7,66.1,54.9,15.8,40.4,45.6,98.0
Revised,2019,Turkey,126.5,44.4,60.1,69.9,35.7,8.9,44.5,68.6,93.3
Revised,2019,Chile,123.8,51.4,52.9,65.2,49.2,13.3,35.6,65.1,90.2
Revised,2019,Bosnia And Herzegovina,122.6,46.5,56.4,52.3,36.2,12.7,26.8,63.5,80.5
Revised,2019,Mexico,122.4,47.0,47.5,69.4,34.3,10.0,38.2,66.9,87.5
Revised,2019,Argentina,121.0,52.0,37.0,69.8,38.7,19.5,42.1,51.9,98.3
Revised,2019,Malaysia,120.4,70.4,39.3,67.8,39.5,9.7,36.6,62.9,57.9
Revised,2019,Georgia,118.4,30.2,79.8,51.7,27.8,13.6,36.5,71.6,84.2
Revised,2019,Serbia,117.7,37.9,62.4,52.0,36.3,19.4,30.2,58.6,83.2
Revised,2019,India,115.4,61.7,57.6,68.2,25.1,11.3,46.2,75.6,65.8
Revised,2019,Jordan,110.7,37.3,57.1,65.4,55.4,8.7,43.5,78.9,89.0
Revised,2019,North Macedonia,110.4,40.2,60.8,57.3,32.3,13.3,29.0,80.1,76.3
Revised,2019,Lebanon,110.1,50.7,56.6,64.7,59.7,13.5,36.1,87.7,94.7
Revised,2019,Panama,110.0,39.0,54.5,59.9,53.0,12.8,37.3,64.0,67.8
Revised,2019,Colombia,109.9,34.6,47.5,67.6,30.3,19.5,45.3,62.6,96.7
Revised,2019,Pakistan,105.8,36.1,55.4,60.5,18.6,14.1,38.0,74.8,73.0
Revised,2019,Thailand,104.5,39.9,58.7,78.4,49.9,21.7,38.5,74.0,69.4
Revised,2019,Russia,104.1,43.7,58.3,57.6,38.6,11.1,45.3,63.5,42.8
Revised,2019,Brazil,103.9,36.3,30.5,55.6,42.6,16.8,42.3,56.1,94.3
Revised,2019,Morocco,103.7,39.4,50.5,39.4,34.6,14.5,36.8,68.1,86.1
Revised,2019,Ukraine,103.3,33.1,51.0,51.1,30.9,13.4,38.4,65.5,70.7
Revised,2019,Indonesia,101.9,31.0,53.7,61.9,36.9,15.0,43.5,64.4,63.8
Revised,2019,China,99.9,63.9,63.3,64.2,40.5,30.3,41.6,81.2,78.9
Revised,2019,Hong Kong,99.6,66.8,81.9,66.9,79.2,49.4,41.1,67.3,83.6
Revised,2019,Sri Lanka,89.5,25.6,59.9,73.0,33.0,29.6,55.5,58.4,59.1
Revised,2019,Philippines,88.2,27.2,58.9,66.4,37.0,23.6,43.9,74.5,60.8
Revised,2019,Peru,88.1,37.4,35.4,56.3,38.8,14.8,49.2,84.6,97.7
Revised,2019,Kazakhstan,85.9,38.7,35.8,50.2,30.1,11.7,31.6,75.4,39.8
Revised,2019,Egypt,85.4,23.3,51.5,44.8,29.1,13.6,48.3,86.3,92.0
Revised,2019,Vietnam,85.1,30.2,51.8,55.2,38.2,22.6,29.6,86.3,71.2
Revised,2019,Iran,75.2,25.9,51.0,51.9,41.4,24.9,48.0,78.0,71.0
Revised,2019,Kenya,73.1,29.3,37.6,55.0,39.3,31.3,56.1,74.0,99.8
Revised,2019,Bangladesh,69.3,37.2,35.0,42.5,32.6,12.9,57.1,88.8,71.3
Revised,2020,Denmark,192.5,101.3,73.9,80.2,85.0,7.0,28.9,21.5,81.8
Revised,2020,Switzerland,190.9,114.8,78.4,73.1,125.7,8.5,28.9,21.9,80.0
Revised,2020,Finland,186.4,93.9,74.5,76.0,72.7,8.7,29.4,11.8,59.2
Revised,2020,Australia,185.0,103.4,58.3,77.8,75.9,7.4,35.0,23.2,94.2
Revised,2020,Netherlands,184.2,86.8,72.9,75.7,74.6,7.5,28.2,26.1,87.5
Revised,2020,Austria,181.7,79.4,75.6,78.6,71.8,10.8,25.8,21.6,78.2
Revised,2020,Iceland,180.7,74.8,76.3,65.6,90.2,6.6,20.1,16.2,68.8
Revised,2020,New Zealand,178.2,87.2,57.8,73.8,71.8,8.7,30.8,23.5,95.5
Revised,2020,Germany,177.3,97.4,64.9,73.4,66.3,9.3,31.4,29.3,83.2
Revised,2020,Estonia,176.0,66.1,76.4,72.5,52.9,8.8,24.6,19.0,64.3
Revised,2020,Norway,174.5,83.4,65.4,74.5,96.8,8.7,26.6,20.1,71.4
Revised,2020,Oman,173.1,87.3,79.4,58.8,49.4,6.1,22.8,37.5,67.2
Revised,2020,Sweden,172.2,94.0,52.6,69.2,72.3,9.0,30.3,19.0,74.0
Revised,2020,Slovenia,169.8,60.6,79.1,65.2,55.2,11.1,27.2,23.5,77.6
Revised,2020,United States,169.8,108.3,52.3,69.2,72.5,3.7,33.0,38.2,76.7
Revised,2020,Spain,167.1,67.7,67.7,78.7,55.3,9.5,29.4,40.4,94.0
Revised,2020,Japan,163.2,78.9,78.3,80.2,86.2,13.3,39.4,39.3,84.8
Revised,2020,Portugal,162.5,47.1,70.2,71.9,49.5,12.5,30.1,30.4,97.7
Revised,2020,United Kingdom,161.2,87.0,55.5,74.9,65.7,9.6,34.5,40.6,87.8
Revised,2020,Lithuania,159.8,55.6,66.1,70.5,44.9,11.1,25.7,27.9,69.9
Revised,2020,Canada,158.9,83.2,59.4,71.8,66.2,8.2,33.8,28.0,52.7
Revised,2020,Qatar,156.9,99.8,88.1,73.0,67.5,6.0,30.5,60.4,36.0
Revised,2020,Croatia,156.8,43.3,75.3,63.8,56.3,13.9,28.1,30.1,89.9
Revised,2020,United Arab Emirates,155.4,86.1,84.6,67.9,63.0,5.1,36.6,50.7,45.2
Revised,2020,Czech Republic,154.7,59.3,74.6,75.2,45.1,16.4,29.7,39.5,77.1
Revised,2020,France,150.7,76.2,52.6,80.7,76.3,14.1,35.0,43.6,89.8
Revised,2020,Ireland,150.2,74.6,54.3,52.3,78.1,7.7,38.1,34.3,89.1
Revised,2020,Slovakia,149.9,53.4,70.2,60.2,46.8,11.0,28.6,40.0,78.1
Revised,2020,Belgium,149.7,80.1,54.7,74.8,73.6,6.9,36.4,53.7,86.0
Revised,2020,Saudi Arabia,148.9,93.8,73.3,60.4,49.1,2.7,28.4,64.3,46.0
Revised,2020,Latvia,148.7,49.5,62.6,62.1,49.2,8.7,31.6,34.1,74.7
Revised,2020,Israel,146.9,73.9,69.6,73.4,82.5,13.5,36.1,57.5,93.8
Revised,2020,Cyprus,146.9,56.8,68.4,52.5,59.9,7.5,23.6,55.1,92.8
Revised,2020,Singapore,142.2,82.6,68.5,71.0,81.1,21.7,41.2,33.3,57.5
Revised,2020,Taiwan,140.5,61.4,84.7,86.4,61.9,24.2,31.5,63.1,81.6
Revised,2020,Italy,139.0,61.8,55.8,67.0,69.0,9.8,34.3,55.7,91.6
Revised,2020,South Korea,136.3,81.7,72.7,82.3,75.9,19.4,39.9,62.2,68.4
Revised,2020,Belarus,133.5,33.7,75.0,60.0,32.6,15.5,30.2,43.6,64.4
Revised,2020,South Africa,132.4,73.5,22.7,64.2,37.5,4.2,39.4,57.1,95.3
Revised,2020,Romania,131.7,46.7,72.2,55.5,36.2,11.0,34.7,58.8,77.7
Revised,2020,Greece,131.5,40.8,58.7,56.6,57.5,10.7,33.7,52.3,94.2
Revised,2020,Puerto Rico,131.0,71.2,35.3,55.6,70.0,3.7,34.2,50.1,71.2
Revised,2020,Hungary,128.4,46.3,64.8,48.0,40.1,13.8,35.9,48.7,79.5
Revised,2020,Bulgaria,127.1,44.1,61.4,56.2,38.4,9.1,29.4,65.4,82.8
Revised,2020,Turkey,126.4,38.0,60.5,70.4,32.4,8.5,44.9,66.2,93.3
Revised,2020,Poland,125.2,52.3,66.9,52.0,39.5,13.2,32.2,63.1,76.0
Revised,2020,Uruguay,124.8,33.8,47.0,67.4,46.7,17.8,37.7,45.8,98.0
Revised,2020,Ecuador,123.1,32.7,47.3,69.5,40.6,12.4,37.1,56.9,94.5
Revised,2020,Bosnia And Herzegovina,123.1,41.6,56.4,53.2,36.6,12.2,25.9,61.7,80.5
Revised,2020,Mexico,120.6,38.2,46.7,72.1,30.9,10.7,39.2,63.3,86.3
Revised,2020,Malaysia,117.4,59.1,41.4,68.9,38.1,10.0,37.1,62.8,59.2
Revised,2020,Georgia,116.4,24.8,79.5,52.2,29.7,14.5,35.4,70.6,84.2
Revised,2020,Serbia,116.1,36.0,62.3,51.7,37.0,17.9,31.0,61.2,83.2
Revised,2020,Kuwait,115.1,79.3,65.4,58.1,49.9,13.1,34.0,66.4,20.2
Revised,2020,Argentina,114.2,43.4,37.7,69.2,31.2,24.1,43.0,50.6,98.3
Revised,2020,Jordan,114.1,34.7,59.2,65.5,53.4,7.9,41.7,76.8,89.0
Revised,2020,Panama,112.0,33.8,53.8,60.4,55.0,11.8,37.1,59.0,67.8
Revised,2020,North Macedonia,109.0,33.3,61.4,56.2,33.0,12.4,27.6,80.2,76.3
Revised,2020,India,105.9,50.5,55.6,66.2,24.1,11.3,46.8,79.6,64.7
Revised,2020,Brazil,105.3,30.4,31.7,56.9,31.0,16.5,41.6,54.7,94.1
Revised,2020,Ukraine,105.3,30.9,51.2,52.7,30.0,11.9,38.3,65.1,71.1
Revised,2020,Pakistan,105.1,28.4,55.8,60.7,21.0,12.5,37.8,73.5,71.9
Revised,2020,China,105.0,60.4,68.8,66.6,39.5,28.4,41.4,79.9,78.2
Revised,2020,Morocco,104.9,33.4,51.0,46.3,34.4,13.6,36.0,70.1,88.0
Revised,2020,Hong Kong,103.2,67.0,79.1,66.3,77.9,43.5,42.4,67.6,83.6
Revised,2020,Azerbaijan,102.7,27.2,67.9,44.6,31.1,16.5,40.0,76.3,91.4
Revised,2020,Chile,102.0,35.5,50.4,64.4,45.4,17.9,35.2,79.7,90.2
Revised,2020,Colombia,101.7,27.9,45.1,66.8,29.0,19.3,47.2,62.4,86.0
Revised,2020,Thailand,101.6,33.0,60.0,78.0,49.0,21.6,38.5,75.3,69.4
Revised,2020,Russia,101.6,36.0,59.4,58.0,33.7,11.3,45.0,62.6,39.5
Revised,2020,Lebanon,99.6,35.3,55.9,63.6,64.3,14.5,38.6,88.9,94.7
Revised,2020,Kazakhstan,98.2,38.3,45.2,60.9,31.0,9.4,33.7,72.1,39.8
Revised,2020,Indonesia,91.6,22.2,53.9,60.5,36.9,21.3,43.4,66.9,68.5
Revised,2020,Egypt,86.8,21.1,53.4,46.3,29.5,13.4,49.3,84.7,92.0
Revised,2020,Vietnam,86.5,27.0,53.5,58.0,38.1,21.9,29.8,86.0,71.2
Revised,2020,Peru,85.3,30.7,34.3,56.5,37.6,15.6,48.8,83.3,97.7
Revised,2020,Sri Lanka,80.4,21.4,59.8,72.4,32.9,35.0,57.0,60.0,59.1
Revised,2020,Philippines,79.2,21.4,57.8,67.5,39.3,29.9,44.6,74.2,61.1
Revised,2020,Iran,70.3,21.9,51.1,52.2,38.5,29.8,47.4,76.7,71.0
Revised,2020,Kenya,66.6,29.0,38.3,55.6,37.7,36.3,57.0,76.6,99.8
Revised,2020,Bangladesh,66.3,27.6,36.2,43.1,33.4,14.3,59.0,85.8,72.9
Revised,2020,Nigeria,54.9,11.1,36.7,50.1,29.8,16.2,62.1,86.9,60.8
Revised,2021,Switzerland,188.4,102.8,78.4,74.1,125.0,8.2,28.7,19.9,80.0
Revised,2021,Denmark,186.2,86.4,73.8,79.8,88.5,7.0,28.7,21.3,81.8
Revised,2021,Netherlands,180.3,76.7,72.8,75.3,78.9,7.3,27.6,25.4,87.0
Revised,2021,Finland,179.0,80.1,72.4,76.2,76.4,8.6,28.9,12.0,56.6
Revised,2021,Australia,178.4,91.1,57.0,77.9,80.7,7.3,34.8,23.7,92.7
Revised,2021,Iceland,177.6,67.3,76.3,65.9,99.7,6.1,19.9,16.0,68.8
Revised,2021,Austria,176.4,68.7,74.5,77.0,74.9,10.9,25.7,20.4,77.1
Revised,2021,Germany,175.2,89.9,64.2,73.5,67.8,8.9,31.2,27.8,82.8
Revised,2021,New Zealand,173.6,74.9,57.1,73.6,76.3,7.8,30.7,23.7,96.7
Revised,2021,Luxembourg,171.8,87.8,65.9,72.9,85.3,13.0,31.8,23.3,82.6
Revised,2021,Norway,171.7,73.6,66.3,75.6,103.6,8.1,26.9,18.1,68.7
Revised,2021,Estonia,171.2,56.6,76.3,72.7,53.8,9.4,24.4,19.7,64.3
Revised,2021,Sweden,170.2,85.4,52.0,68.8,75.9,7.7,29.8,18.5,74.9
Revised,2021,Oman,168.8,74.9,79.7,58.4,49.6,5.5,23.0,37.2,67.2
Revised,2021,Slovenia,165.7,52.1,77.7,65.2,56.4,11.7,26.9,22.6,77.6
Revised,2021,Japan,164.1,76.0,77.8,80.2,81.1,11.6,40.0,39.1,85.3
Revised,2021,United States,163.6,94.3,52.2,69.1,70.5,4.0,32.9,39.3,77.5
Revised,2021,Spain,163.5,58.5,66.7,78.8,56.6,9.2,29.3,39.7,93.6
Revised,2021,Lithuania,160.3,52.8,66.6,70.9,46.0,10.5,25.8,26.7,69.9
Revised,2021,Portugal,159.8,40.5,70.1,71.9,50.6,12.9,29.3,30.2,97.8
Revised,2021,Czech Republic,157.5,54.8,74.5,75.4,48.2,13.7,29.6,36.3,77.1
Revised,2021,Canada,157.2,78.3,58.1,71.7,71.5,7.2,33.7,28.5,55.3
Revised,2021,United Kingdom,156.9,77.5,53.9,75.1,70.6,9.5,34.4,40.1,88.2
Revised,2021,United Arab Emirates,156.9,84.9,84.8,68.2,58.9,4.5,36.2,49.9,45.2
Revised,2021,Croatia,155.4,39.8,75.4,64.0,55.2,13.6,28.1,30.8,89.7
Revised,2021,France,153.6,76.4,48.0,80.6,77.6,10.0,34.8,42.2,90.4
Revised,2021,Qatar,151.5,84.9,87.9,73.2,61.9,6.1,30.5,60.2,36.0
Revised,2021,Ireland,150.5,71.6,54.5,52.8,78.5,6.7,38.1,33.9,89.1
Revised,2021,Belgium,148.2,70.1,55.4,75.4,75.8,7.0,36.8,50.1,86.0
Revised,2021,Slovakia,147.1,45.7,69.6,60.2,47.3,11.1,27.9,39.5,78.1
Revised,2021,Latvia,146.8,43.5,61.2,62.0,50.4,8.3,30.9,33.2,74.7
Revised,2021,Singapore,146.5,78.5,72.0,71.2,82.6,17.6,41.2,33.1,57.5
Revised,2021,Cyprus,146.1,49.4,68.7,54.6,61.6,6.6,23.1,55.1,93.3
Revised,2021,Saudi Arabia,144.7,80.1,74.8,60.9,49.6,2.7,28.4,63.9,46.0
Revised,2021,Israel,143.7,65.9,68.5,73.9,84.8,12.9,35.6,58.1,94.0
Revised,2021,Taiwan,138.5,51.1,84.5,86.4,64.9,21.8,31.4,63.0,81.6
Revised,2021,Italy,137.8,54.3,55.2,67.0,70.0,8.8,34.0,54.1,91.5
Revised,2021,Hungary,134.5,47.4,65.6,52.9,42.3,10.6,35.9,48.1,79.5
Revised,2021,South Africa,131.4,69.2,23.1,63.9,44.2,3.4,39.4,56.4,95.3
Revised,2021,Romania,130.9,41.9,71.7,56.0,36.8,10.3,34.0,58.6,77.6
Revised,2021,Puerto Rico,128.2,61.2,37.2,57.3,67.8,4.2,34.2,50.2,71.2
Revised,2021,Greece,128.0,36.0,54.1,57.1,58.4,9.6,34.0,52.1,92.5
Revised,2021,Poland,127.8,43.6,69.5,56.1,41.8,14.1,31.3,57.3,76.0
Revised,2021,Bulgaria,126.9,39.5,61.8,56.3,38.7,8.3,29.4,64.5,82.8
Revised,2021,South Korea,124.7,69.4,73.3,82.4,76.5,26.1,40.2,62.4,68.4
Revised,2021,Turkey,124.2,31.3,60.4,70.7,31.7,8.7,44.2,65.8,93.2
Revised,2021,Bosnia And Herzegovina,123.9,38.9,57.0,53.2,37.0,11.0,25.9,61.0,80.5
Revised,2021,Uruguay,122.4,27.4,48.3,67.8,50.5,18.5,37.3,45.4,98.0
Revised,2021,Costa Rica,120.4,34.7,45.8,62.2,48.5,10.0,60.2,44.1,99.5
Revised,2021,Mexico,119.8,31.3,45.8,72.5,36.7,10.9,39.2,59.9,88.5
Revised,2021,Serbia,117.0,34.2,61.9,52.0,37.6,15.9,30.8,61.7,83.2
Revised,2021,Georgia,116.6,25.2,76.6,54.4,28.6,14.4,35.4,70.0,84.2
Revised,2021,Ecuador,116.3,27.1,44.8,68.2,38.8,13.3,39.3,58.4,94.5
Revised,2021,Malaysia,115.0,50.1,42.7,70.0,37.5,10.0,37.2,62.6,59.1
Revised,2021,Kuwait,113.7,70.5,66.6,59.0,49.1,12.5,33.2,66.1,20.2
Revised,2021,Jordan,112.3,28.0,60.0,65.4,50.9,7.9,41.7,76.4,89.0
Revised,2021,Panama,111.1,28.9,54.8,60.7,53.0,11.4,37.1,59.4,67.8
Revised,2021,North Macedonia,108.3,29.9,60.9,56.4,32.8,12.2,26.9,79.8,76.3
Revised,2021,Ukraine,107.8,30.3,52.6,53.7,31.2,11.2,37.8,63.6,70.7
Revised,2021,Belarus,107.1,29.9,40.4,44.8,31.6,16.2,30.3,44.8,64.4
Revised,2021,Morocco,105.0,29.8,51.3,45.9,35.6,12.9,36.3,69.4,90.0
Revised,2021,Brazil,104.7,25.1,32.5,57.8,36.1,16.0,41.4,54.4,95.4
Revised,2021,Argentina,104.3,27.7,36.2,69.0,35.3,26.4,42.6,51.0,98.3
Revised,2021,China,103.2,53.6,69.9,66.2,41.3,27.9,40.6,81.2,80.2
Revised,2021,India,103.0,42.2,55.6,65.8,24.6,10.8,46.6,79.9,65.5
Revised,2021,Pakistan,102.2,24.6,57.5,60.0,21.9,13.6,38.3,73.4,70.4
Revised,2021,Colombia,102.0,25.3,43.1,66.9,28.1,17.5,47.3,62.9,88.3
Revised,2021,Azerbaijan,101.4,23.1,68.0,44.6,30.0,17.6,40.0,74.3,91.4
Revised,2021,Thailand,100.3,28.9,60.6,77.7,44.8,21.2,39.8,75.3,69.4
Revised,2021,Russia,97.9,35.5,60.0,58.5,36.8,15.3,44.5,62.6,39.8
Revised,2021,Chile,97.3,29.4,46.6,64.0,48.6,18.1,36.2,78.6,90.2
Revised,2021,Hong Kong,96.1,56.9,78.0,66.4,80.8,45.7,42.7,67.4,83.6
Revised,2021,Kazakhstan,94.2,31.6,46.2,59.6,29.6,9.5,34.8,73.2,39.8
Revised,2021,Indonesia,90.2,19.0,54.1,60.5,36.0,21.5,43.3,67.2,68.5
Revised,2021,Vietnam,88.9,25.3,53.8,58.6,36.9,19.8,29.6,85.5,71.1
Revised,2021,Egypt,87.2,18.5,53.2,46.6,29.1,12.7,49.0,83.9,92.0
Revised,2021,Peru,81.3,26.1,33.3,57.8,33.0,18.8,49.1,82.3,97.7
Revised,2021,Philippines,78.1,18.0,57.5,67.2,39.1,30.2,43.7,73.7,61.0
Revised,2021,Kenya,76.9,25.4,39.9,57.5,35.8,27.0,56.4,75.9,99.8
Revised,2021,Sri Lanka,75.5,18.4,58.6,72.7,30.4,38.6,56.7,60.0,59.1
Revised,2021,Bangladesh,64.5,21.8,36.1,42.2,33.0,14.9,57.1,84.9,72.9
Revised,2021,Iran,63.6,16.8,50.6,52.3,40.6,34.9,47.3,75.7,71.0
Revised,2021,Nigeria,54.7,8.8,35.9,48.5,29.6,14.0,62.0,87.7,60.8
Revised,2022,Switzerland,195.1,116.2,77.9,75.3,110.3,8.9,28.4,19.4,79.6
Revised,2022,Denmark,194.2,99.8,73.7,79.8,73.1,6.3,28.4,20.9,81.8
Revised,2022,Netherlands,191.5,99.6,72.4,75.9,67.7,7.4,26.6,24.7,86.9
Revised,2022,Australia,190.7,117.6,55.2,77.8,72.3,5.6,34.7,24.2,93.9
Revised,2022,Finland,186.8,91.0,73.2,76.8,63.7,7.5,27.6,12.0,56.6
Revised,2022,Iceland,184.5,82.6,75.7,66.6,86.6,6.8,20.0,15.8,68.8
Revised,2022,Norway,179.6,86.3,66.5,77.1,85.9,7.8,26.9,18.0,68.7
Revised,2022,Germany,178.3,102.7,63.0,72.4,59.6,10.6,31.1,28.1,82.9
Revised,2022,Austria,178.1,75.1,73.2,76.2,64.1,10.9,25.4,22.2,77.1
Revised,2022,New Zealand,176.8,85.0,55.4,73.0,69.0,8.0,30.7,23.9,96.4
Revised,2022,United Arab Emirates,174.4,118.9,85.1,69.7,58.0,2.9,36.1,47.9,45.2
Revised,2022,Estonia,173.8,60.4,75.9,73.9,49.5,10.1,24.0,18.4,64.3
Revised,2022,Luxembourg,173.8,96.1,64.4,71.5,72.1,14.0,31.7,24.1,82.6
Revised,2022,Sweden,173.7,94.9,51.2,68.8,61.8,9.5,29.4,18.0,74.9
Revised,2022,Spain,173.0,77.3,65.0,78.1,47.5,7.5,29.2,39.1,93.6
Revised,2022,Japan,172.6,91.1,77.8,80.5,62.8,10.5,40.7,39.1,84.8
Revised,2022,Oman,172.1,78.8,80.3,58.2,48.1,4.6,22.6,36.8,67.2
Revised,2022,Slovenia,168.7,57.9,76.8,65.1,47.3,11.7,26.3,22.8,77.6
Revised,2022,United States,167.2,99.9,51.6,68.9,69.9,4.6,32.9,35.7,77.1
Revised,2022,United Kingdom,164.8,92.9,53.4,74.5,60.4,8.0,34.4,40.4,88.0
Revised,2022,Czech Republic,163.8,69.9,74.2,75.5,44.3,14.9,29.4,35.3,78.3
Revised,2022,Canada,163.8,101.7,56.4,70.8,68.8,8.9,33.6,28.9,55.3
Revised,2022,Lithuania,163.0,55.7,67.4,73.4,43.1,12.2,25.3,24.8,69.9
Revised,2022,Croatia,162.7,52.8,76.0,63.7,43.7,13.2,26.7,31.4,89.9
Revised,2022,Portugal,162.2,47.9,68.5,72.1,42.2,13.0,29.6,31.0,97.8
Revised,2022,Belgium,155.8,86.3,53.3,75.5,62.8,6.6,36.4,49.8,86.0
Revised,2022,Qatar,155.6,98.1,85.8,73.7,60.6,6.9,30.0,60.0,36.0
Revised,2022,Singapore,154.5,94.6,72.8,71.1,79.1,16.8,41.2,33.0,57.5
Revised,2022,France,152.7,79.6,45.6,80.0,65.6,11.8,34.7,42.2,90.0
Revised,2022,Latvia,152.2,49.8,61.5,63.2,45.2,7.7,30.2,32.0,74.7
Revised,2022,Ireland,151.7,75.2,54.1,52.0,66.7,7.0,37.9,35.0,89.1
Revised,2022,Slovakia,150.5,53.8,69.5,60.1,41.0,12.0,28.1,38.6,78.1
Revised,2022,Saudi Arabia,150.2,93.3,75.4,61.2,50.3,2.9,29.0,63.3,46.0
Revised,2022,Cyprus,148.2,54.5,68.9,54.1,52.5,6.8,23.1,55.2,92.2
Revised,2022,Israel,146.4,73.5,67.8,73.7,77.3,13.3,36.4,57.8,93.9
Revised,2022,Taiwan,143.8,61.8,83.9,86.0,55.9,19.7,31.7,64.9,81.6
Revised,2022,Italy,137.3,58.0,53.8,66.7,58.5,11.1,33.6,54.4,91.7
Revised,2022,South Africa,136.6,77.8,24.6,64.0,37.9,3.3,39.2,56.4,95.3
Revised,2022,Hungary,136.2,53.2,66.1,54.3,34.6,13.2,35.6,47.8,79.5
Revised,2022,Poland,132.2,60.7,67.9,54.6,35.1,13.5,32.3,60.1,76.0
Revised,2022,Puerto Rico,131.1,65.4,38.2,56.9,64.6,4.2,34.8,48.9,71.2
Revised,2022,Romania,131.1,48.8,67.5,56.5,34.9,11.1,33.4,58.5,76.5
Revised,2022,South Korea,130.8,81.3,73.9,83.0,67.0,26.5,39.6,62.4,68.4
Revised,2022,Bosnia And Herzegovina,129.4,46.5,57.3,55.3,32.2,10.4,26.2,60.2,80.5
Revised,2022,Bulgaria,129.0,46.9,61.6,56.8,37.6,9.6,29.0,63.8,81.2
Revised,2022,Greece,127.1,38.4,52.0,57.2,50.2,12.1,33.7,51.8,93.8
Revised,2022,Mexico,126.9,41.1,46.1,72.8,35.1,8.2,39.2,58.3,85.5
Revised,2022,India,124.4,76.4,55.4,65.6,23.9,7.4,46.4,73.0,64.7
Revised,2022,Costa Rica,122.9,38.6,46.1,63.0,43.6,10.0,60.2,44.2,99.5
Revised,2022,Uruguay,122.7,28.6,47.9,68.0,59.1,18.1,37.3,44.8,98.0
Revised,2022,Malaysia,121.6,59.4,45.6,70.1,34.4,8.7,37.2,62.2,57.5
Revised,2022,Serbia,120.4,41.6,61.8,52.4,33.3,14.8,31.0,63.3,83.2
Revised,2022,Ecuador,120.3,33.6,42.1,68.9,35.7,11.8,37.9,58.3,94.5
Revised,2022,Turkey,119.5,28.0,60.1,70.7,28.4,11.9,44.0,65.1,90.4
Revised,2022,Georgia,119.2,25.1,74.7,54.5,34.9,12.3,35.6,69.1,88.5
Revised,2022,Kuwait,118.8,81.8,67.0,58.9,46.0,11.2,33.4,67.8,20.2
Revised,2022,Tunisia,117.3,28.6,56.1,57.3,25.5,11.2,32.5,69.9,94.5
Revised,2022,Panama,115.3,32.7,56.4,61.1,48.3,11.3,36.7,57.8,67.8
Revised,2022,Jordan,113.7,32.2,59.0,64.9,47.5,8.2,41.2,76.2,89.0
Revised,2022,Ukraine,112.1,36.3,53.4,55.2,30.7,11.3,37.9,62.3,70.7
Revised,2022,Argentina,110.1,33.6,35.9,69.0,32.1,22.8,43.4,50.9,98.3
Revised,2022,North Macedonia,109.8,35.6,59.0,55.6,28.5,12.7,26.0,79.5,76.3
Revised,2022,Belarus,109.6,32.3,42.8,46.1,26.4,17.4,29.9,44.4,64.4
Revised,2022,Azerbaijan,108.8,29.4,68.3,46.6,28.3,14.1,39.6,74.0,91.4
Revised,2022,Morocco,107.2,32.7,52.6,46.4,29.7,13.2,36.9,69.3,90.0
Revised,2022,Malta,106.1,44.8,56.3,38.2,57.7,12.9,30.0,81.1,97.4
Revised,2022,Brazil,104.0,27.3,33.2,57.9,34.8,18.5,41.1,53.7,94.9
Revised,2022,Hong Kong,103.9,66.9,78.4,66.2,76.6,42.6,42.9,67.2,83.6
Revised,2022,Russia,103.2,42.2,60.7,59.9,48.1,16.9,44.1,60.8,48.9
Revised,2022,Pakistan,103.1,24.4,58.4,59.5,17.8,13.4,38.2,73.7,70.8
Revised,2022,Colombia,102.9,28.3,41.3,67.5,25.2,16.9,47.9,63.1,88.3
Revised,2022,Chile,102.9,35.8,43.5,64.2,37.2,15.1,35.8,78.3,90.2
Revised,2022,Thailand,101.9,30.8,61.1,77.6,38.6,21.6,39.1,75.4,69.4
Revised,2022,Lebanon,97.7,32.0,53.4,62.9,68.5,12.7,38.7,89.5,94.7
Revised,2022,Indonesia,96.9,25.5,53.9,60.5,32.2,17.8,43.4,67.2,69.0
Revised,2022,Kazakhstan,96.6,35.2,47.0,59.9,26.5,9.6,34.7,73.0,39.8
Revised,2022,China,95.6,56.2,71.2,66.7,40.3,38.4,39.5,80.2,79.4
Revised,2022,Egypt,91.2,21.7,53.4,47.4,26.3,11.1,48.3,83.4,90.8
Revised,2022,Kenya,90.9,32.2,43.7,63.4,33.4,26.9,52.1,69.2,99.8
Revised,2022,Vietnam,86.3,28.2,54.2,59.1,35.6,24.1,29.7,85.6,71.2
Revised,2022,Philippines,81.4,20.1,57.6,67.7,33.6,29.6,42.9,72.9,61.6
Revised,2022,Peru,81.3,28.5,32.8,55.8,30.7,18.6,49.6,82.4,97.7
Revised,2022,Venezuela,73.0,12.7,16.8,39.2,41.8,18.3,33.1,75.7,99.9
Revised,2022,Iran,69.4,18.0,50.3,52.3,36.5,28.6,46.7,75.2,65.7
Revised,2022,Sri Lanka,68.9,15.3,59.0,72.0,22.4,44.4,56.9,60.3,59.1
Revised,2022,Bangladesh,68.5,25.3,36.9,41.7,29.3,11.9,57.5,85.5,71.3
Revised,2022,Nigeria,45.1,8.2,35.9,48.5,30.0,22.3,63.4,88.1,60.8
Preliminary,2023,Netherlands,196.7,107.8,72.7,77.1,68.6,7.2,25.5,23.7,86.8
Preliminary,2023,Denmark,194.7,105.0,73.4,79.2,78.6,6.6,28.5,21.3,81.8
Preliminary,2023,Switzerland,193.6,118.7,76.4,74.5,114.2,9.7,28.4,19.6,79.6
Preliminary,2023,Luxembourg,192.9,127.1,64.9,75.0,73.2,11.5,29.1,21.9,82.6
Preliminary,2023,Finland,190.5,98.8,73.2,77.1,67.5,7.8,27.2,12.0,59.2
Preliminary,2023,Iceland,187.5,90.1,75.1,67.0,83.3,7.0,20.6,15.2,68.8
Preliminary,2023,Austria,185.8,91.2,72.7,77.2,66.0,10.3,24.8,21.5,77.1
Preliminary,2023,Oman,184.7,108.2,80.3,58.2,47.8,3.6,22.6,37.2,67.2
Preliminary,2023,Australia,183.0,110.9,54.5,75.3,75.3,7.5,36.1,25.4,93.9
Preliminary,2023,Norway,182.7,95.0,66.5,76.7,88.6,8.1,26.7,17.7,68.7
Preliminary,2023,Germany,179.0,107.6,62.4,71.9,62.9,10.7,31.2,28.8,83.3
Preliminary,2023,New Zealand,176.7,93.0,54.2,71.0,72.9,9.0,31.4,24.2,96.4
Preliminary,2023,Japan,176.3,100.4,76.9,80.3,64.6,10.3,40.0,39.2,85.3
Preliminary,2023,Sweden,175.8,101.2,51.5,68.6,62.9,9.9,29.4,18.0,74.9
Preliminary,2023,United Arab Emirates,175.7,123.4,84.9,69.6,60.3,3.0,36.1,48.2,45.8
Preliminary,2023,Spain,173.8,82.5,64.3,77.9,50.6,7.8,29.1,39.6,93.7
Preliminary,2023,United States,172.7,115.7,51.0,68.6,72.4,4.5,33.1,36.1,77.3
Preliminary,2023,Estonia,171.9,61.4,74.9,74.1,54.8,11.8,23.8,17.9,64.3
Preliminary,2023,Slovenia,169.3,61.7,75.8,65.3,50.8,12.1,26.1,22.7,77.6
Preliminary,2023,Qatar,167.5,123.6,85.2,73.8,59.5,5.3,29.7,60.0,36.0
Preliminary,2023,United Kingdom,166.4,98.9,53.1,74.1,61.5,8.3,34.6,40.4,88.1
Preliminary,2023,Portugal,163.8,51.7,68.5,71.5,45.3,12.6,29.5,30.6,97.8
Preliminary,2023,Czech Republic,163.6,71.8,73.4,75.5,48.9,14.9,29.5,35.3,78.0
Preliminary,2023,Croatia,163.2,56.2,75.4,63.9,46.7,13.2,26.5,32.0,89.7
Preliminary,2023,Canada,162.3,102.1,55.7,70.4,66.1,9.4,33.7,29.1,53.2
Preliminary,2023,Lithuania,161.5,56.7,67.0,73.2,48.8,12.7,25.0,25.7,69.9
Preliminary,2023,Belgium,157.3,94.5,50.9,75.2,65.6,6.5,36.3,50.1,86.0
Preliminary,2023,Singapore,154.2,95.6,70.8,70.9,85.9,15.5,41.4,33.1,57.5
Preliminary,2023,Ireland,154.0,82.6,54.1,51.8,70.5,7.3,37.9,34.8,89.1
Preliminary,2023,France,153.8,86.2,44.7,79.4,68.7,11.8,35.0,42.9,89.7
Preliminary,2023,Latvia,153.2,52.9,62.3,62.4,50.9,8.1,29.7,31.5,74.7
Preliminary,2023,Saudi Arabia,151.8,101.9,75.4,61.2,50.6,3.0,29.4,63.3,41.4
Preliminary,2023,Slovakia,149.7,56.3,68.6,60.1,44.2,13.2,28.1,38.3,78.1
Preliminary,2023,Cyprus,148.5,54.8,68.6,54.7,55.9,6.8,22.9,55.3,93.3
Preliminary,2023,Israel,148.4,80.5,67.4,73.5,76.4,14.1,36.4,57.4,93.9
Preliminary,2023,Taiwan (China),147.8,71.3,83.8,85.9,54.2,20.1,32.0,64.9,83.5
Preliminary,2023,Italy,140.9,66.5,53.1,66.3,61.3,9.7,33.5,54.7,90.8
Preliminary,2023,Poland,139.9,64.0,70.8,57.6,38.6,13.3,32.1,54.5,76.0
Preliminary,2023,South Africa,138.8,83.9,24.6,63.7,37.8,3.4,39.1,56.4,95.3
Preliminary,2023,Hungary,134.3,53.1,66.1,54.4,39.2,14.6,35.6,47.7,79.5
Preliminary,2023,South Korea,133.0,85.5,74.5,83.0,70.4,26.0,39.8,62.3,68.4
Preliminary,2023,Romania,132.9,52.5,68.0,56.5,37.4,10.9,33.5,58.5,77.2
Preliminary,2023,Bulgaria,131.6,51.2,62.0,56.7,40.5,9.2,28.9,63.7,82.8
Preliminary,2023,Uruguay,131.4,38.4,47.3,68.4,59.9,13.7,37.3,43.9,98.0
Preliminary,2023,Bosnia And Herzegovina,128.6,48.6,57.1,54.9,35.1,11.4,27.1,60.6,82.3
Preliminary,2023,Greece,128.6,41.9,53.0,57.5,54.6,11.5,33.7,51.6,91.8
Preliminary,2023,Mexico,127.0,43.5,45.6,72.5,37.3,8.4,39.3,58.5,85.8
Preliminary,2023,Malaysia,126.0,65.7,47.1,70.0,35.0,8.1,37.0,61.7,57.9
Preliminary,2023,Kuwait,125.0,96.7,67.4,59.7,46.8,11.5,33.4,67.8,20.2
Preliminary,2023,Ecuador,122.0,37.0,40.6,69.5,35.1,11.1,37.8,58.4,94.5
Preliminary,2023,Turkey,119.4,31.0,59.9,71.0,28.1,12.6,43.9,65.1,88.1
Preliminary,2023,Panama,119.0,36.4,56.3,61.0,48.2,10.2,35.1,57.3,67.8
Preliminary,2023,Georgia,118.6,25.9,74.1,54.8,38.9,13.3,35.7,67.8,88.5
Preliminary,2023,India,117.9,64.6,55.4,65.1,22.4,9.2,46.4,73.0,65.0
Preliminary,2023,Serbia,117.4,39.6,61.8,52.2,37.2,15.9,31.1,64.1,83.2
Preliminary,2023,Jordan,116.8,38.0,59.0,64.9,46.8,7.4,41.0,76.4,89.0
Preliminary,2023,Belarus,114.7,36.4,43.6,47.1,35.4,13.8,29.9,44.5,64.4
Preliminary,2023,Malta,112.7,50.6,57.5,45.4,61.4,12.1,29.2,81.2,97.4
Preliminary,2023,Ukraine,112.5,38.1,53.3,55.2,25.6,12.2,37.8,62.1,70.7
Preliminary,2023,Argentina,111.0,36.8,35.7,68.9,31.2,22.7,43.7,51.3,98.3
Preliminary,2023,North Macedonia,110.0,38.2,59.1,55.3,31.4,13.3,25.7,79.7,76.3
Preliminary,2023,Azerbaijan,109.6,32.0,68.2,46.8,28.9,14.5,39.6,73.9,91.4
Preliminary,2023,Morocco,106.5,33.6,53.2,45.8,29.3,14.2,37.0,69.3,90.0
Preliminary,2023,Brazil,105.2,28.7,33.4,58.2,34.7,18.3,41.0,53.7,95.7
Preliminary,2023,China,104.1,62.3,73.7,67.5,39.2,34.6,38.8,79.3,78.4
Preliminary,2023,Russia,103.0,40.9,60.7,59.7,40.8,16.3,43.9,60.9,46.0
Preliminary,2023,Pakistan,102.1,24.4,57.7,59.5,18.0,13.9,38.1,73.6,70.8
Preliminary,2023,Chile,102.0,37.3,41.9,64.4,44.1,15.6,35.5,77.9,90.2
Preliminary,2023,Hong Kong (China),101.9,67.7,78.5,65.8,75.7,44.9,42.7,67.2,83.6
Preliminary,2023,Kenya,101.4,32.8,43.0,61.8,32.4,16.0,51.6,69.2,99.8
Preliminary,2023,Colombia,101.2,31.1,39.8,67.9,23.1,17.5,47.9,63.1,82.9
Preliminary,2023,Thailand,100.5,33.2,61.3,77.9,40.7,24.0,39.0,75.3,69.4
Preliminary,2023,Indonesia,98.0,27.5,54.1,60.5,31.2,18.5,42.7,67.1,70.5
Preliminary,2023,Kazakhstan,97.6,38.1,47.3,59.9,28.1,9.7,34.5,73.1,39.8
Preliminary,2023,Egypt,90.8,21.9,52.8,47.6,21.6,12.0,48.2,83.2,90.8
Preliminary,2023,Vietnam,89.3,31.5,55.5,59.3,35.7,23.5,29.6,85.1,71.2
Preliminary,2023,Lebanon,88.9,22.7,53.8,63.2,65.8,18.3,38.7,89.4,94.7
Preliminary,2023,Peru,81.8,31.3,32.4,55.9,32.4,19.0,49.6,82.4,97.7
Preliminary,2023,Philippines,81.7,22.4,57.3,67.8,34.0,30.1,42.9,72.9,61.6
Preliminary,2023,Iran,73.8,21.1,50.1,52.3,35.2,24.4,47.3,75.3,63.7
Preliminary,2023,Sri Lanka,72.8,16.0,58.6,72.0,25.3,40.8,56.9,59.4,59.1
Preliminary,2023,Venezuela,72.6,12.4,17.4,39.3,41.6,18.9,33.1,75.7,99.9
Preliminary,2023,Bangladesh,70.1,26.9,37.4,42.3,26.6,12.6,57.4,85.1,72.9
Preliminary,2023,Nigeria,38.5,8.4,34.5,48.5,30.9,28.2,63.4,88.0,60.8
